{
  "hash": "c5a96cbb",
  "browserHash": "15e12c49",
  "optimized": {
    "@angular/common": {
      "src": "../../../../../node_modules/@angular/common/fesm2022/common.mjs",
      "file": "@angular_common.js",
      "fileHash": "5ead03fc",
      "needsInterop": false
    },
    "@angular/common/http": {
      "src": "../../../../../node_modules/@angular/common/fesm2022/http.mjs",
      "file": "@angular_common_http.js",
      "fileHash": "eab3990c",
      "needsInterop": false
    },
    "@angular/core": {
      "src": "../../../../../node_modules/@angular/core/fesm2022/core.mjs",
      "file": "@angular_core.js",
      "fileHash": "336a2d62",
      "needsInterop": false
    },
    "@angular/forms": {
      "src": "../../../../../node_modules/@angular/forms/fesm2022/forms.mjs",
      "file": "@angular_forms.js",
      "fileHash": "dabfb003",
      "needsInterop": false
    },
    "@angular/platform-browser": {
      "src": "../../../../../node_modules/@angular/platform-browser/fesm2022/platform-browser.mjs",
      "file": "@angular_platform-browser.js",
      "fileHash": "0a2a2de0",
      "needsInterop": false
    },
    "@angular/platform-browser/animations": {
      "src": "../../../../../node_modules/@angular/platform-browser/fesm2022/animations.mjs",
      "file": "@angular_platform-browser_animations.js",
      "fileHash": "5ab6f4a4",
      "needsInterop": false
    },
    "@angular/router": {
      "src": "../../../../../node_modules/@angular/router/fesm2022/router.mjs",
      "file": "@angular_router.js",
      "fileHash": "ced38e35",
      "needsInterop": false
    },
    "rxjs": {
      "src": "../../../../../node_modules/rxjs/dist/esm5/index.js",
      "file": "rxjs.js",
      "fileHash": "3355af0a",
      "needsInterop": false
    },
    "@angular/material/toolbar": {
      "src": "../../../../../node_modules/@angular/material/fesm2022/toolbar.mjs",
      "file": "@angular_material_toolbar.js",
      "fileHash": "5dd82a4f",
      "needsInterop": false
    },
    "@angular/material/button": {
      "src": "../../../../../node_modules/@angular/material/fesm2022/button.mjs",
      "file": "@angular_material_button.js",
      "fileHash": "f6c27d24",
      "needsInterop": false
    }
  },
  "chunks": {
    "chunk-K6K4GMCJ": {
      "file": "chunk-K6K4GMCJ.js"
    },
    "chunk-63QG5NBQ": {
      "file": "chunk-63QG5NBQ.js"
    },
    "chunk-K5IBUJ7L": {
      "file": "chunk-K5IBUJ7L.js"
    },
    "chunk-YZILP6V2": {
      "file": "chunk-YZILP6V2.js"
    },
    "chunk-CRS6PUEZ": {
      "file": "chunk-CRS6PUEZ.js"
    },
    "chunk-WJ76EGMG": {
      "file": "chunk-WJ76EGMG.js"
    },
    "chunk-V4QF72PL": {
      "file": "chunk-V4QF72PL.js"
    }
  }
}