{
  "student": [
    {
      "id": 2,
      "firstName": "dfghfd",
      "lastName": "dfgfd",
      "email": "dfg",
      "cell": "df",
      "salary": "5555"
    },
    {
      "id": 3,
      "firstName": "sdfgsd",
      "lastName": "fdsfds",
      "email": "ffd",
      "cell": "f",
      "salary": "sdfsdfs"
    },
    {
      "id": 4,
      "firstName": "rturyu",
      "lastName": "uuru",
      "email": "ruturu",
      "cell": "5675467",
      "salary": "65757"
    }
  ],
  "comments": [
    {
      "cell": "f",
      "salary": "sdfsdfs"
    }
  ],
  "profile": {
    "name": "typicode"
  }
}