{
  "student": [
    {
      "id": 2,
      "firstName": "limon",
      "lastName": "jfghjfgj",
      "email": "jfgjfg",
      "cell": "fgj",
      "salary": "56547"
    },
    {
      "id": 3,
      "firstName": "Rajib Al",
      "lastName": "Ahmed",
      "email": "rajibahmedjhinuk@gmail.com",
      "cell": "01811-643857834",
      "salary": "23000"
    },
    {
      "id": 4,
      "firstName": "sabit",
      "lastName": "uyttyu",
      "email": "ytiutyiu",
      "cell": "ty678568",
      "salary": "5678657"
    }
  ],
  "comments": [
    {
      "cell": "f",
      "salary": "sdfsdfs"
    }
  ],
  "profile": {
    "name": "typicode"
  }
}