{
  "hash": "b9945903",
  "browserHash": "67e05a4c",
  "optimized": {
    "@angular/common": {
      "src": "../../../../../node_modules/@angular/common/fesm2022/common.mjs",
      "file": "@angular_common.js",
      "fileHash": "046d97a5",
      "needsInterop": false
    },
    "@angular/common/http": {
      "src": "../../../../../node_modules/@angular/common/fesm2022/http.mjs",
      "file": "@angular_common_http.js",
      "fileHash": "936c975b",
      "needsInterop": false
    },
    "@angular/core": {
      "src": "../../../../../node_modules/@angular/core/fesm2022/core.mjs",
      "file": "@angular_core.js",
      "fileHash": "99d2ac78",
      "needsInterop": false
    },
    "@angular/forms": {
      "src": "../../../../../node_modules/@angular/forms/fesm2022/forms.mjs",
      "file": "@angular_forms.js",
      "fileHash": "c636d79f",
      "needsInterop": false
    },
    "@angular/platform-browser": {
      "src": "../../../../../node_modules/@angular/platform-browser/fesm2022/platform-browser.mjs",
      "file": "@angular_platform-browser.js",
      "fileHash": "eaee93db",
      "needsInterop": false
    },
    "@angular/platform-browser/animations": {
      "src": "../../../../../node_modules/@angular/platform-browser/fesm2022/animations.mjs",
      "file": "@angular_platform-browser_animations.js",
      "fileHash": "860518be",
      "needsInterop": false
    },
    "@angular/router": {
      "src": "../../../../../node_modules/@angular/router/fesm2022/router.mjs",
      "file": "@angular_router.js",
      "fileHash": "071c5a64",
      "needsInterop": false
    },
    "rxjs": {
      "src": "../../../../../node_modules/rxjs/dist/esm5/index.js",
      "file": "rxjs.js",
      "fileHash": "fde8cc73",
      "needsInterop": false
    }
  },
  "chunks": {
    "chunk-K5IBUJ7L": {
      "file": "chunk-K5IBUJ7L.js"
    },
    "chunk-YZILP6V2": {
      "file": "chunk-YZILP6V2.js"
    },
    "chunk-CRS6PUEZ": {
      "file": "chunk-CRS6PUEZ.js"
    },
    "chunk-WJ76EGMG": {
      "file": "chunk-WJ76EGMG.js"
    },
    "chunk-V4QF72PL": {
      "file": "chunk-V4QF72PL.js"
    }
  }
}